{
  "strategy_name": "Debug RSI",
  "total_return": 0.06191063886697279,
  "annualized_return": 0.06191063886697279,
  "max_drawdown": 0.03127120309331206,
  "trade_count": 16,
  "timestamp": "2025-11-10 02:19:03",
  "equity": [
    100000.0,
    100000.0,
    100000.0,
    100000.0,
    100000.0,
    100000.0,
    100000.0,
    100000.0,
    100000.0,
    100000.0,
    100000.0,
    100000.0,
    100000.0,
    100000.0,
    100000.0,
    100000.0,
    100000.0,
    100000.0,
    100000.0,
    100000.0,
    100000.0,
    100000.0,
    100000.0,
    100000.0,
    100000.0,
    100000.0,
    100000.0,
    100583.5470275185,
    100583.5470275185,
    100583.5470275185,
    99695.83695700485,
    102485.74248262355,
    102485.74248262355,
    102485.74248262355,
    102485.74248262355,
    102485.74248262355,
    102485.74248262355,
    102485.74248262355,
    102485.74248262355,
    102808.87167998147,
    103968.24719225803,
    103968.24719225803,
    103968.24719225803,
    103968.24719225803,
    103968.24719225803,
    102866.42673272204,
    102176.23605232079,
    103816.86285136575,
    103816.86285136575,
    103816.86285136575,
    103816.86285136575,
    103816.86285136575,
    103816.86285136575,
    104790.1609247564,
    104790.1609247564,
    104790.1609247564,
    104790.1609247564,
    104790.1609247564,
    104790.1609247564,
    104790.1609247564,
    104790.1609247564,
    104790.1609247564,
    104790.1609247564,
    104790.1609247564,
    104790.1609247564,
    104790.1609247564,
    104790.1609247564,
    104790.1609247564,
    104790.1609247564,
    104790.1609247564,
    104790.1609247564,
    104790.1609247564,
    104790.1609247564,
    104790.1609247564,
    104790.1609247564,
    104790.1609247564,
    104790.1609247564,
    104790.1609247564,
    104790.1609247564,
    104790.1609247564,
    104790.1609247564,
    104790.1609247564,
    104790.1609247564,
    104790.1609247564,
    104790.1609247564,
    104790.1609247564,
    104790.1609247564,
    104790.1609247564,
    104790.1609247564,
    104790.1609247564,
    104790.1609247564,
    104790.1609247564,
    104790.1609247564,
    104790.1609247564,
    104790.1609247564,
    104790.1609247564,
    104790.1609247564,
    104790.1609247564,
    104790.1609247564,
    104790.1609247564,
    104790.1609247564,
    104790.1609247564,
    104790.1609247564,
    104790.1609247564,
    104790.1609247564,
    104790.1609247564,
    104790.1609247564,
    104790.1609247564,
    104790.1609247564,
    104790.1609247564,
    104790.1609247564,
    104790.1609247564,
    104790.1609247564,
    104790.1609247564,
    104790.1609247564,
    104790.1609247564,
    104790.1609247564,
    104790.1609247564,
    104790.1609247564,
    104790.1609247564,
    104790.1609247564,
    104790.1609247564,
    104790.1609247564,
    104790.1609247564,
    104790.1609247564,
    104790.1609247564,
    104790.1609247564,
    104790.1609247564,
    104790.1609247564,
    104790.1609247564,
    104790.1609247564,
    104790.1609247564,
    104790.1609247564,
    104790.1609247564,
    104790.1609247564,
    104790.1609247564,
    104790.1609247564,
    104790.1609247564,
    104790.1609247564,
    104790.1609247564,
    104790.1609247564,
    104790.1609247564,
    104790.1609247564,
    104790.1609247564,
    104790.1609247564,
    104790.1609247564,
    104790.1609247564,
    104790.1609247564,
    104790.1609247564,
    104790.1609247564,
    104790.1609247564,
    104790.1609247564,
    104790.1609247564,
    104790.1609247564,
    104790.1609247564,
    104790.1609247564,
    104790.1609247564,
    104790.1609247564,
    104790.1609247564,
    104790.1609247564,
    104790.1609247564,
    104790.1609247564,
    104790.1609247564,
    104790.1609247564,
    104790.1609247564,
    104790.1609247564,
    104790.1609247564,
    104790.1609247564,
    104790.1609247564,
    104790.1609247564,
    104790.1609247564,
    104790.1609247564,
    104790.1609247564,
    104790.1609247564,
    104790.1609247564,
    104790.1609247564,
    104790.1609247564,
    104790.1609247564,
    104790.1609247564,
    104790.1609247564,
    103785.74616170654,
    105099.40006103633,
    105099.40006103633,
    105099.40006103633,
    105099.40006103633,
    105099.40006103633,
    105099.40006103633,
    105099.40006103633,
    105099.40006103633,
    105099.40006103633,
    105099.40006103633,
    105099.40006103633,
    105099.40006103633,
    105099.40006103633,
    105099.40006103633,
    105099.40006103633,
    105099.40006103633,
    105099.40006103633,
    105099.40006103633,
    105099.40006103633,
    105099.40006103633,
    105099.40006103633,
    105099.40006103633,
    105099.40006103633,
    105099.40006103633,
    105099.40006103633,
    105099.40006103633,
    105099.40006103633,
    105099.40006103633,
    105099.40006103633,
    105099.40006103633,
    105099.40006103633,
    103574.40498601952,
    102541.67818601587,
    103006.09341176653,
    101812.81537674241,
    102972.70547696014,
    103317.89872551429,
    103317.89872551429,
    103317.89872551429,
    103317.89872551429,
    106191.06388669729,
    106191.06388669729,
    106191.06388669729,
    106191.06388669729,
    106191.06388669729,
    106191.06388669729,
    106191.06388669729,
    106191.06388669729,
    106191.06388669729,
    106191.06388669729,
    106191.06388669729,
    106191.06388669729,
    106191.06388669729,
    106191.06388669729,
    106191.06388669729,
    106191.06388669729,
    106191.06388669729,
    106191.06388669729,
    106191.06388669729,
    106191.06388669729,
    106191.06388669729,
    106191.06388669729,
    106191.06388669729,
    106191.06388669729,
    106191.06388669729,
    106191.06388669729,
    106191.06388669729,
    106191.06388669729,
    106191.06388669729,
    106191.06388669729,
    106191.06388669729
  ],