{
  "strategy_name": "Simple MA Crossover",
  "total_return": -0.10554675312074047,
  "annualized_return": -0.10554675312074047,
  "max_drawdown": 0.17442228728268325,
  "trade_count": 12,
  "timestamp": "2025-11-10 02:19:03",
  "equity": [
    100000.0,
    100000.0,
    100000.0,
    100000.0,
    100000.0,
    100000.0,
    100000.0,
    100000.0,
    100000.0,
    100000.0,
    99324.87346078131,
    98650.86020286915,
    99028.63716830917,
    96206.39986850017,
    93736.41912744804,
    92964.5641186075,
    91570.79597701646,
    92020.74831190292,
    90785.79663784501,
    88880.69704786806,
    90852.49145041409,
    90562.9768575593,
    90672.82278150659,
    88753.16824911081,
    88046.18350963524,
    88210.28740667156,
    86704.98735013808,
    87210.95172653011,
    86442.65984000149,
    86081.72661810699,
    86081.72661810699,
    86081.72661810699,
    86081.72661810699,
    86081.72661810699,
    86081.72661810699,
    86081.72661810699,
    86081.72661810699,
    86081.72661810699,
    86081.72661810699,
    86081.72661810699,
    86081.72661810699,
    86081.72661810699,
    86081.72661810699,
    86081.72661810699,
    86081.72661810699,
    86081.72661810699,
    86081.72661810699,
    86081.72661810699,
    86081.72661810699,
    86081.72661810699,
    86081.72661810699,
    86081.72661810699,
    86081.72661810699,
    86081.72661810699,
    86081.72661810699,
    86081.72661810699,
    86081.72661810699,
    86081.72661810699,
    86081.72661810699,
    86081.72661810699,
    86081.72661810699,
    86081.72661810699,
    86081.72661810699,
    86081.72661810699,
    86081.72661810699,
    86081.72661810699,
    86081.72661810699,
    86081.72661810699,
    86081.72661810699,
    86081.72661810699,
    86081.72661810699,
    88084.89561207824,
    88055.17659747273,
    90139.4122341645,
    86615.30585832163,
    87700.468971526,
    87832.52009592656,
    87456.1480631664,
    87594.01495366523,
    85000.0466382511,
    84736.96483690923,
    85207.82176110175,
    87113.78531064591,
    86453.98085979414,
    85422.80929891921,
    84796.97141705132,
    85978.28071948308,
    86419.45820352441,
    86419.45820352441,
    86419.45820352441,
    86419.45820352441,
    87692.38872426626,
    86786.45650981061,
    86377.2642515783,
    86377.2642515783,
    86377.2642515783,
    86377.2642515783,
    86377.2642515783,
    86377.2642515783,
    86377.2642515783,
    86377.2642515783,
    86377.2642515783,
    86377.2642515783,
    86377.2642515783,
    86377.2642515783,
    86377.2642515783,
    86377.2642515783,
    86377.2642515783,
    86377.2642515783,
    86377.2642515783,
    86377.2642515783,
    86377.2642515783,
    86377.2642515783,
    86377.2642515783,
    86377.2642515783,
    86377.2642515783,
    86377.2642515783,
    86377.2642515783,
    86377.2642515783,
    86377.2642515783,
    86377.2642515783,
    85216.28369708048,
    87026.4407233606,
    85213.8743852192,
    85981.04266019382,
    88823.3037478463,
    87521.32777539048,
    86795.38510278022,
    86942.48335893276,
    86303.27050041016,
    84313.12127131433,
    84416.69527171174,
    83088.43607745171,
    83695.30458066113,
    82557.77127173168,
    84493.66977742041,
    83517.86933585486,
    83131.10453529343,
    83131.10453529343,
    83131.10453529343,
    83131.10453529343,
    83131.10453529343,
    83131.10453529343,
    83131.10453529343,
    83131.10453529343,
    83131.10453529343,
    83131.10453529343,
    83131.10453529343,
    83131.10453529343,
    83131.10453529343,
    83131.10453529343,
    83131.10453529343,
    83131.10453529343,
    83131.10453529343,
    83131.10453529343,
    83131.10453529343,
    83131.10453529343,
    83131.10453529343,
    83131.10453529343,
    83131.10453529343,
    83131.10453529343,
    83131.10453529343,
    84592.4607090894,
    83568.02614968405,
    84792.35137832405,
    85334.31982958576,
    86403.63586273363,
    88879.26374260947,
    88569.89086913518,
    87586.22989999005,
    86435.10891598195,
    85394.67617522867,
    85312.9939778441,
    85766.6270222356,
    86139.74289643938,
    87225.77113102173,
    87260.22778592612,
    89180.2155514936,
    88844.01929307386,
    92486.84952568616,
    93373.33692327946,
    92191.47667099023,
    90729.00755504234,
    91403.76700766881,
    91115.66765559821,
    92109.74026501377,
    92782.00913331329,
    92699.20734255045,
    91540.29058730509,
    89478.55531827582,
    88897.14833675497,
    90056.8989262382,
    90364.11958616154,
    88693.64109048905,
    88941.7805219246,
    89473.63108531586,
    88305.29679885283,
    88526.57897480193,
    88621.57957125487,
    88621.57957125487,
    88621.57957125487,
    88621.57957125487,
    88621.57957125487,
    88621.57957125487,
    88621.57957125487,
    88621.57957125487,
    88621.57957125487,
    88621.57957125487,
    88621.57957125487,
    88621.57957125487,
    88621.57957125487,
    90148.83819826384,
    91456.9002251736,
    92368.804975392,
    91950.46308579324,
    93015.66674779367,
    91955.99709199744,
    91647.73492472511,
    90998.82742510657,
    91128.78395080053,
    94310.99001422458,
    91688.29777824097,
    92650.46586812277,
    90427.71280961685,
    89805.66256379908,
    91290.53264421033,
    91396.81310846325,
    89937.55590037954,
    88990.55340149986,
    89915.51820870182,
    88948.4318997457,
    89255.02636784386,
    89333.89010970113,
    88478.60697999616,
    91341.70049838968,
    92228.51746064141,
    89445.32468792595,
    89445.32468792595,
    89445.32468792595,
    89445.32468792595,
    89445.32468792595,
    89445.32468792595,
    89445.32468792595,
    89445.32468792595,
    89445.32468792595,
    89445.32468792595,
    89445.32468792595,
    89445.32468792595,
    89445.32468792595,
    89445.32468792595,
    89445.32468792595,
    89445.32468792595
  ],